Название;Цена;Ссылка
Кресло Акапулько Olive;3590руб.;https://www.divan.ru/product/kreslo-akapulko-olive
Стул Элден-1 Bordo;6290руб.;https://www.divan.ru/product/stul-elden-1-bordo
Стул Руфус Yellow;9090руб.;https://www.divan.ru/product/stul-rufus-yellow
Кресло Франс Olive;17 990руб.;https://www.divan.ru/product/kreslo-frans-olive
Стул Винфорд Olive;8390руб.;https://www.divan.ru/product/stul-vinford-olive
Кресло Акапулько Bordo;3590руб.;https://www.divan.ru/product/kreslo-akapulko-bordo
Шезлонг Эльвия Olive;9090руб.;https://www.divan.ru/product/shezlong-elviya-olive
Журнальный стол Амелиа Olive;6590руб.;https://www.divan.ru/product/jurnalnyj-stol-amelia-olive
Стул Конрад Grey;8990руб.;https://www.divan.ru/product/stul-konrad-grey
Журнальный стол Синдзи Olive;10 990руб.;https://www.divan.ru/product/jurnalnyj-stol-sindzi-olive
Стул Филлис Yellow;6290руб.;https://www.divan.ru/product/stul-fillis-yellow
Кресло Рутс Beige;30 590руб.;https://www.divan.ru/product/kreslo-ruts-beige
Стул Тамека Beige;7790руб.;https://www.divan.ru/product/stul-tameka-beige
Кресло Леола Olive;7790руб.;https://www.divan.ru/product/kreslo-leola-olive
Диван садовый Франс Olive;29 990руб.;https://www.divan.ru/product/divan-frans-olive
Диван садовый Арлен Olive;16 190руб.;https://www.divan.ru/product/divan-arlen-olive
Шезлонг Кэмп-1 Beige;4990руб.;https://www.divan.ru/product/shezlong-kemp-1-beige
Стул Вилбурн-1 Green;5590руб.;https://www.divan.ru/product/stul-vilburn-1-green
Диван садовый Алси Grey;30 090руб.;https://www.divan.ru/product/divan-alsi-grey
Журнальный стол Синдзи Bordo;6590руб.;https://www.divan.ru/product/jurnalnyj-stol-sindzi-bordo
Диван садовый Крис Beige;13 490руб.;https://www.divan.ru/product/divan-kris-beige
Кресло Амелиа Grey;8990руб.;https://www.divan.ru/product/kreslo-amelia-grey
Стул Элден Green;4790руб.;https://www.divan.ru/product/stul-elden-green
Стул Тамека Black;7790руб.;https://www.divan.ru/product/stul-tameka-black
Стул Амалиа Bordo;18 390руб.;https://www.divan.ru/product/stul-amalia-bordo
Кресло Литта Black;14 390руб.;https://www.divan.ru/product/kreslo-litta-black
Стул Вилбурн Green;4190руб.;https://www.divan.ru/product/stul-vilburn-green
Журнальный стол Синдзи Beige;6590руб.;https://www.divan.ru/product/jurnalnyj-stol-sindzi-beige
Шезлонг Кэмп Green;4990руб.;https://www.divan.ru/product/shezlong-kemp-green
Стул Арлен Grey;11 190руб.;https://www.divan.ru/product/stul-arlen-grey
Кресло Алси Grey;26 990руб.;https://www.divan.ru/product/kreslo-alsi-grey
Стул Лаури Terra;7990руб.;https://www.divan.ru/product/stul-lauri-terra
Стол Блейн White;1790руб.;https://www.divan.ru/product/stol-blejn-white
Стул Тедори;11 990руб.;https://www.divan.ru/product/stul-tedori
Диван садовый Амелиа Olive;13 990руб.;https://www.divan.ru/product/divan-amelia-olive
Шезлонг Эльвия Linen;7790руб.;https://www.divan.ru/product/shezlong-elviya-linen
Кресло Леола Linen;6490руб.;https://www.divan.ru/product/kreslo-leola-linen
Диван садовый Литта Black;25 790руб.;https://www.divan.ru/product/divan-litta-black
Стул Конрад Bordo;14 990руб.;https://www.divan.ru/product/stul-konrad-bordo
Стол Крис Beige;6690руб.;https://www.divan.ru/product/stol-kris-beige
Стол Муллек Yellow;4190руб.;https://www.divan.ru/product/stol-mullek-yellow
Шезлонг Кэмп Blue;4990руб.;https://www.divan.ru/product/shezlong-kemp-blue
Кресло Lotus Textile Olive;49 990руб.;https://www.divan.ru/product/kreslo-lotus-textile-olive
Стул Винфорд Black;8390руб.;https://www.divan.ru/product/stul-vinford-black
Диван садовый Рутс Beige;60 290руб.;https://www.divan.ru/product/divan-ruts-beige
Набор мебели Амелиа Olive;38 560руб.;https://www.divan.ru/product/nabor-mebeli-amelia-olive
Диван модульный Нолан-B Textile Sand;91 470руб.;https://www.divan.ru/product/modulnyj-divan-nolan-b-textile-sand
Кресло Акапулько Black;2990руб.;https://www.divan.ru/product/kreslo-akapulko-black
